city,neighbourhood_cleansed,total_listings,avg_occupancy,median_price,commercial_pct,licensed_pct,avg_availability,avg_reviews,occupancy_rate,total_listings_norm,avg_occupancy_norm,commercial_pct_norm,activity_score
austin,78701,1246,42.69,203.0,0.8,0.0,192.97,4.79,0.117,0.5417218543046357,0.1962410171365395,0.9285714285714287,0.481
austin,78702,1773,82.15,160.0,0.55,0.0,165.71,4.88,0.225,0.7743929359823399,0.9233462318039433,0.4821428571428572,0.776
austin,78703,656,55.67,164.0,0.53,0.0,182.29,4.86,0.153,0.28123620309050773,0.4354155150175051,0.44642857142857145,0.376
austin,78704,2284,63.67,144.0,0.51,0.0,159.43,4.86,0.174,1.0,0.5828266077022296,0.4107142857142857,0.715
austin,78705,615,61.69,96.0,0.61,0.0,153.07,4.68,0.169,0.2631346578366446,0.5463423622627602,0.5892857142857143,0.442
austin,78717,67,37.99,137.0,0.61,0.0,163.87,4.83,0.104,0.02119205298013245,0.10963700018426391,0.5892857142857143,0.17
austin,78719,19,79.21,59.0,0.84,0.0,123.05,4.67,0.217,0.0,0.8691726552423068,1.0,0.548
austin,78721,389,84.55,134.0,0.54,0.0,179.58,4.82,0.232,0.16335540838852097,0.9675695596093605,0.46428571428571436,0.545
austin,78722,282,62.66,134.0,0.47,0.0,146.06,4.88,0.172,0.11611479028697572,0.564215957250783,0.33928571428571425,0.34
austin,78723,487,58.43,124.0,0.44,0.0,162.63,4.86,0.16,0.20662251655629138,0.48627234199373504,0.2857142857142857,0.334
austin,78724,235,50.65,112.0,0.65,0.0,170.98,4.83,0.139,0.09536423841059603,0.3429150543578404,0.6607142857142858,0.307
austin,78725,102,48.32,127.0,0.49,0.0,163.06,4.9,0.132,0.03664459161147903,0.29998157361341443,0.375,0.21
austin,78726,24,32.25,96.0,0.38,0.0,143.67,4.9,0.088,0.002207505518763797,0.003869541182974034,0.17857142857142855,0.038
austin,78727,172,70.86,111.0,0.6,0.0,196.76,4.85,0.194,0.06754966887417219,0.7153123272526257,0.5714285714285714,0.427
austin,78728,106,66.21,103.5,0.51,0.0,184.97,4.78,0.181,0.038410596026490065,0.6296296296296295,0.4107142857142857,0.349
austin,78729,172,62.98,125.0,0.54,0.0,188.14,4.84,0.173,0.06754966887417219,0.5701124009581721,0.46428571428571436,0.348
austin,78730,37,46.97,563.5,0.38,0.0,220.65,4.9,0.129,0.007947019867549669,0.2751059517228671,0.17857142857142855,0.149
austin,78731,149,46.93,157.5,0.28,0.0,140.92,4.88,0.129,0.05739514348785872,0.2743688962594435,0.0,0.133
austin,78732,79,48.48,382.0,0.46,0.0,249.35,4.84,0.133,0.026490066225165563,0.30292979546710885,0.32142857142857145,0.196
austin,78733,95,37.72,318.0,0.51,0.0,198.58,4.88,0.103,0.033554083885209716,0.10466187580615441,0.4107142857142857,0.137
austin,78734,381,54.97,225.0,0.56,0.0,218.71,4.84,0.151,0.1598233995584989,0.42251704440759164,0.5000000000000001,0.333
austin,78735,70,86.31,80.5,0.63,0.0,167.0,4.76,0.236,0.022516556291390728,1.0,0.625,0.534
austin,78736,96,66.23,165.0,0.49,0.0,203.48,4.89,0.181,0.03399558498896247,0.6299981573613415,0.375,0.341
austin,78737,204,65.92,250.0,0.57,0.0,228.06,4.91,0.181,0.08167770419426049,0.6242859775198084,0.5178571428571428,0.386
austin,78738,74,45.04,214.0,0.53,0.0,228.8,4.84,0.123,0.024282560706401765,0.23954302561267735,0.44642857142857145,0.195
austin,78739,39,48.59,131.0,0.31,0.0,141.08,4.96,0.133,0.008830022075055188,0.3049566979915239,0.05357142857142853,0.136
austin,78741,859,58.73,105.0,0.51,0.0,162.62,4.75,0.161,0.3708609271523179,0.4918002579694121,0.4107142857142857,0.427
austin,78744,486,69.04,100.0,0.53,0.0,170.29,4.86,0.189,0.20618101545253864,0.681776303666851,0.44642857142857145,0.444
austin,78745,834,64.83,130.0,0.44,0.0,167.46,4.87,0.178,0.3598233995584989,0.6042012161415146,0.2857142857142857,0.443
austin,78746,272,32.04,402.0,0.4,0.0,168.49,4.83,0.088,0.11169977924944813,0.0,0.2142857142857143,0.088
austin,78747,133,38.88,129.0,0.42,0.0,178.98,4.81,0.107,0.05033112582781457,0.12603648424543953,0.24999999999999994,0.121
austin,78748,209,66.82,132.0,0.33,0.0,177.7,4.88,0.183,0.08388520971302428,0.6408697254468397,0.08928571428571427,0.308
austin,78749,158,51.56,150.0,0.33,0.0,142.69,4.91,0.141,0.06136865342163356,0.35968306615072787,0.08928571428571427,0.186
austin,78750,76,61.75,107.0,0.47,0.0,150.64,4.71,0.169,0.025165562913907286,0.5474479454578957,0.33928571428571425,0.297
austin,78751,479,74.05,88.0,0.52,0.0,179.47,4.8,0.203,0.20309050772626933,0.7740925004606596,0.4285714285714286,0.477
austin,78752,279,47.27,99.0,0.61,0.0,185.83,4.77,0.13,0.11479028697571744,0.28063386769854437,0.5892857142857143,0.276
austin,78753,259,69.83,94.0,0.61,0.0,204.54,4.83,0.191,0.10596026490066225,0.6963331490694674,0.5892857142857143,0.439
austin,78754,171,40.98,113.0,0.51,0.0,192.12,4.8,0.112,0.06710816777041943,0.1647318960751796,0.4107142857142857,0.175
austin,78756,190,74.02,103.0,0.49,0.0,194.01,4.8,0.203,0.07549668874172186,0.7735397088630919,0.375,0.415
austin,78757,293,69.33,118.0,0.42,0.0,168.3,4.86,0.19,0.12097130242825607,0.6871199557766722,0.24999999999999994,0.373
austin,78758,448,68.06,123.0,0.53,0.0,192.71,4.76,0.186,0.18940397350993377,0.6637184448129722,0.44642857142857145,0.431
austin,78759,181,47.13,127.0,0.51,0.0,200.56,4.78,0.129,0.07152317880794702,0.2780541735765617,0.4107142857142857,0.222
chicago,Albany Park,77,77.44,111.0,0.57,0.77,209.49,4.81,0.212,0.06426484907497566,0.5532381997804611,0.513157894736842,0.35
chicago,Armour Square,99,109.02,157.5,0.81,0.85,234.43,4.65,0.299,0.08568646543330087,0.8683764095399661,0.8289473684210528,0.547
chicago,Ashburn,12,43.0,165.0,0.42,0.58,270.58,4.9,0.118,0.0009737098344693282,0.20955992415926555,0.3157894736842105,0.147
chicago,Auburn Gresham,27,62.56,166.0,0.48,0.56,282.59,4.78,0.171,0.01557935735150925,0.4047500249476101,0.39473684210526316,0.247
chicago,Austin,67,58.04,143.0,0.39,0.73,224.49,4.68,0.159,0.054527750730282376,0.35964474603333,0.27631578947368424,0.221
chicago,Avondale,179,114.16,127.0,0.46,0.78,202.97,4.85,0.313,0.16358325219084713,0.9196686957389483,0.368421052631579,0.507
chicago,Belmont Cragin,46,54.24,144.0,0.7,0.8,255.24,4.84,0.149,0.034079844206426485,0.32172437880451055,0.6842105263157895,0.279
chicago,Beverly,20,97.6,121.5,0.55,0.9,232.65,4.88,0.267,0.008763388510223954,0.7544157269733559,0.48684210526315796,0.403
chicago,Bridgeport,195,92.44,84.0,0.76,0.76,232.69,4.55,0.253,0.17916260954235638,0.7029238598942221,0.7631578947368421,0.505
chicago,Brighton Park,34,117.62,90.0,0.71,0.85,238.94,4.66,0.322,0.022395326192794548,0.9541961880051892,0.6973684210526316,0.53
chicago,Calumet Heights,19,41.68,122.0,0.58,0.68,258.26,4.69,0.114,0.007789678675754625,0.19638758606925458,0.5263157894736842,0.187
chicago,Chatham,21,22.0,212.0,0.48,0.67,205.57,4.68,0.06,0.009737098344693282,0.0,0.39473684210526316,0.083
chicago,Clearing,12,32.5,395.0,0.83,0.0,198.5,4.54,0.089,0.0009737098344693282,0.10477996207963278,0.8552631578947367,0.213
chicago,Douglas,113,61.79,122.0,0.72,0.71,229.91,4.63,0.169,0.09931840311587146,0.3970661610617703,0.7105263157894737,0.341
chicago,Dunning,41,69.85,138.5,0.59,0.88,223.39,4.81,0.191,0.029211295034079845,0.47749725576289787,0.5394736842105263,0.311
chicago,East Garfield Park,114,100.01,109.0,0.73,0.68,245.83,4.69,0.274,0.1002921129503408,0.7784652230316337,0.7236842105263158,0.496
chicago,East Side,14,65.57,38.0,0.71,0.93,240.86,4.73,0.18,0.0029211295034079843,0.43478694741043805,0.6973684210526316,0.315
chicago,Edgewater,170,112.99,160.0,0.49,0.82,185.38,4.86,0.31,0.15481986368062317,0.9079932142500748,0.40789473684210525,0.507
chicago,Englewood,57,64.12,47.0,0.84,0.74,237.02,4.51,0.176,0.044790652385589096,0.42031733359944123,0.8684210526315789,0.36
chicago,Garfield Ridge,11,95.64,129.0,0.18,0.73,186.73,4.85,0.262,0.0,0.7348568007184912,0.0,0.294
chicago,Grand Boulevard,150,72.9,156.5,0.49,0.77,229.39,4.77,0.2,0.13534566699123662,0.5079333399860294,0.40789473684210525,0.339
chicago,Greater Grand Crossing,45,48.27,110.0,0.69,0.58,238.71,4.66,0.132,0.033106134371957155,0.26214948607923366,0.6710526315789473,0.252
chicago,Hermosa,30,94.2,123.5,0.53,0.7,242.7,4.86,0.258,0.018500486854917234,0.7204869773475702,0.46052631578947373,0.388
chicago,Humboldt Park,108,88.48,105.0,0.58,0.83,216.31,4.82,0.242,0.09444985394352483,0.6634068456241893,0.5263157894736842,0.408
chicago,Hyde Park,115,65.09,96.0,0.75,0.73,190.62,4.7,0.178,0.10126582278481013,0.42999700628679777,0.7500000000000001,0.363
chicago,Irving Park,184,112.17,129.0,0.53,0.72,193.29,4.85,0.307,0.16845180136319376,0.899810398163856,0.46052631578947373,0.519
chicago,Jefferson Park,52,115.6,103.0,0.54,0.85,205.42,4.81,0.317,0.03992210321324245,0.9340385191098692,0.4736842105263158,0.484
chicago,Kenwood,77,66.99,72.5,0.79,0.71,270.78,4.71,0.184,0.06426484907497566,0.4489571899012074,0.8026315789473686,0.366
chicago,Lake View,550,116.17,201.0,0.7,0.84,189.17,4.82,0.318,0.5248296007789679,0.9397265741941923,0.6842105263157895,0.723
chicago,Lincoln Park,297,115.19,236.5,0.58,0.76,199.89,4.81,0.316,0.27848101265822783,0.9299471110667599,0.5263157894736842,0.589
chicago,Lincoln Square,114,122.21,127.0,0.41,0.87,192.61,4.86,0.335,0.1002921129503408,1.0,0.3026315789473684,0.501
chicago,Logan Square,454,115.22,143.0,0.52,0.72,195.58,4.85,0.316,0.43135345666991237,0.9302464823869874,0.4473684210526316,0.634
chicago,Loop,547,58.98,286.0,0.94,0.41,222.03,4.73,0.162,0.5219084712755598,0.36902504740045905,1.0,0.556
chicago,Lower West Side,232,118.04,123.0,0.67,0.73,202.29,4.81,0.323,0.21518987341772153,0.9583873864883745,0.6447368421052632,0.598
chicago,Mckinley Park,59,88.8,44.5,0.76,0.73,227.88,4.59,0.243,0.04673807205452775,0.6666001397066161,0.7631578947368421,0.438
chicago,Montclare,12,53.5,86.5,0.67,0.83,226.17,4.81,0.147,0.0009737098344693282,0.31433988623889836,0.6447368421052632,0.255
chicago,Morgan Park,13,74.31,104.0,0.38,0.69,243.46,4.8,0.204,0.0019474196689386564,0.522003792036723,0.2631578947368421,0.262
chicago,Near North Side,1038,64.05,305.0,0.91,0.49,235.1,4.66,0.175,1.0,0.41961880051891026,0.9605263157894737,0.76
chicago,Near South Side,256,82.7,265.0,0.9,0.7,290.61,4.75,0.227,0.2385589094449854,0.6057279712603533,0.9473684210526315,0.527
chicago,Near West Side,628,67.96,250.0,0.81,0.51,232.25,4.7,0.186,0.6007789678675755,0.458636862588564,0.8289473684210528,0.59
chicago,New City,44,69.89,36.0,0.77,0.64,223.98,4.55,0.191,0.03213242453748783,0.47789641752320133,0.7763157894736843,0.359
chicago,North Center,138,104.04,180.0,0.53,0.64,215.82,4.84,0.285,0.12366114897760468,0.8186807703821976,0.46052631578947373,0.469
chicago,North Lawndale,62,67.87,95.5,0.77,0.73,202.53,4.76,0.186,0.04965920155793573,0.4577387486278815,0.7763157894736843,0.358
chicago,North Park,21,99.86,92.0,0.38,1.0,260.81,4.86,0.274,0.009737098344693282,0.776968366430496,0.2631578947368421,0.367
chicago,Norwood Park,54,88.33,93.5,0.65,0.7,209.65,4.83,0.242,0.04186952288218111,0.6619099890230516,0.618421052631579,0.405
chicago,Oakland,18,51.67,127.0,0.44,0.78,225.5,4.85,0.142,0.006815968841285297,0.2960782357050195,0.34210526315789475,0.19
chicago,Ohare,11,46.73,179.0,0.45,0.82,298.0,4.84,0.128,0.0,0.2467817583075541,0.35526315789473684,0.17
chicago,Portage Park,116,75.91,102.0,0.57,0.74,203.12,4.79,0.208,0.10223953261927946,0.5379702624488574,0.513157894736842,0.359
chicago,Pullman,15,98.93,102.0,0.53,0.47,225.8,4.9,0.271,0.0038948393378773127,0.7676878555034429,0.46052631578947373,0.401
chicago,Rogers Park,158,101.56,110.0,0.65,0.85,204.01,4.77,0.278,0.14313534566699124,0.793932741243389,0.618421052631579,0.499
chicago,Roseland,19,91.74,184.0,0.37,0.89,248.63,4.57,0.251,0.007789678675754625,0.6959385290889133,0.25,0.331
chicago,South Chicago,29,45.93,55.0,0.66,0.48,164.83,4.58,0.126,0.017526777020447908,0.2387985231014869,0.6315789473684211,0.229
chicago,South Lawndale,48,112.02,105.0,0.69,0.79,216.92,4.71,0.307,0.03602726387536514,0.8983135415627183,0.6710526315789473,0.508
chicago,South Shore,117,39.16,107.0,0.62,0.66,245.53,4.62,0.107,0.10321324245374879,0.17124039517014267,0.5789473684210527,0.226
chicago,Uptown,178,116.46,145.5,0.67,0.84,199.37,4.82,0.319,0.1626095423563778,0.9426204969563916,0.6447368421052632,0.571
chicago,Washington Heights,17,78.47,147.0,0.35,0.82,289.0,4.78,0.215,0.005842259006815969,0.5635166151082727,0.22368421052631576,0.272
chicago,Washington Park,53,84.57,139.0,0.68,0.7,207.96,4.77,0.232,0.04089581304771178,0.6243887835545354,0.6578947368421053,0.398
chicago,West Englewood,20,48.55,63.0,0.7,0.55,300.6,4.64,0.133,0.008763388510223954,0.26494361840135716,0.6842105263157895,0.246
chicago,West Garfield Park,21,95.67,87.0,0.67,0.76,267.9,4.32,0.262,0.009737098344693282,0.7351561720387187,0.6447368421052632,0.427
chicago,West Lawn,15,111.8,96.0,0.67,0.27,280.0,4.81,0.306,0.0038948393378773127,0.8961181518810498,0.6447368421052632,0.489
chicago,West Ridge,114,72.27,119.0,0.55,0.83,227.12,4.73,0.198,0.1002921129503408,0.5016465422612514,0.48684210526315796,0.338
chicago,West Town,765,108.56,192.0,0.66,0.82,214.56,4.84,0.297,0.7341772151898734,0.8637860492964775,0.6315789473684211,0.766
chicago,Woodlawn,216,57.81,86.0,0.65,0.66,238.37,4.74,0.158,0.19961051606621227,0.35734956591158573,0.618421052631579,0.346
los-angeles,Acton,16,33.25,125.5,0.19,0.0,229.62,4.91,0.091,0.003246753246753247,0.22093601306725374,0.19,0.128
los-angeles,Adams-Normandie,66,41.32,57.0,0.8,0.24,225.44,4.81,0.113,0.030303030303030304,0.27824728357360984,0.8,0.283
los-angeles,Agoura Hills,50,32.96,285.0,0.56,0.0,227.78,4.85,0.09,0.021645021645021644,0.2188765002485619,0.56,0.208
los-angeles,Agua Dulce,22,31.36,126.0,0.36,0.0,287.55,4.95,0.086,0.006493506493506494,0.2075136709040551,0.36,0.158
los-angeles,Alhambra,729,99.26,125.0,0.82,0.0,203.61,4.76,0.272,0.38906926406926406,0.6897237412115617,0.82,0.596
los-angeles,Alondra Park,19,142.95,136.5,0.47,0.0,261.79,4.93,0.392,0.00487012987012987,1.0,0.47,0.496
los-angeles,Altadena,125,37.86,176.5,0.41,0.02,156.73,4.85,0.104,0.06222943722943723,0.2536751651161139,0.41,0.208
los-angeles,Arcadia,184,41.93,103.0,0.73,0.0,192.7,4.77,0.115,0.09415584415584416,0.282579362261203,0.73,0.297
los-angeles,Arlington Heights,111,49.43,47.0,0.79,0.26,234.64,4.83,0.135,0.054653679653679656,0.33584262481357857,0.79,0.314
los-angeles,Artesia,24,92.5,77.0,0.58,0.0,235.5,4.71,0.253,0.007575757575757576,0.6417157872310205,0.58,0.376
los-angeles,Athens,21,60.76,127.0,0.48,0.0,207.81,4.86,0.166,0.005952380952380952,0.4163056601093672,0.48,0.265
los-angeles,Atwater Village,112,91.09,138.0,0.43,0.48,175.2,4.89,0.25,0.05519480519480519,0.6317022938711739,0.43,0.361
los-angeles,Avalon,249,67.13,547.0,0.84,0.0,208.33,4.63,0.184,0.12932900432900432,0.46154392443718484,0.84,0.404
los-angeles,Avocado Heights,27,52.67,98.5,0.78,0.0,237.74,4.67,0.144,0.0091991341991342,0.3588523542362048,0.78,0.303
los-angeles,Azusa,113,71.13,118.0,0.71,0.0,236.28,4.8,0.195,0.055735930735930736,0.48995099779845175,0.71,0.36
los-angeles,Baldwin Hills/Crenshaw,107,53.67,121.0,0.49,0.49,205.44,4.68,0.147,0.05248917748917749,0.36595412257652155,0.49,0.265
los-angeles,Baldwin Park,153,102.24,84.0,0.74,0.0,239.12,4.78,0.28,0.07738095238095238,0.7108870108657055,0.74,0.463
los-angeles,Bel-Air,84,20.57,1596.0,0.79,0.62,245.1,4.9,0.056,0.04004329004329004,0.1308855905120375,0.79,0.226
los-angeles,Bell,19,110.84,101.5,0.68,0.0,214.53,4.87,0.304,0.00487012987012987,0.7719622185924295,0.68,0.447
los-angeles,Bell Gardens,12,71.17,57.5,0.67,0.0,260.67,4.8,0.195,0.0010822510822510823,0.4902350685320645,0.67,0.331
los-angeles,Bellflower,82,67.15,141.5,0.54,0.0,219.3,4.55,0.184,0.03896103896103896,0.46168595980399124,0.54,0.308
los-angeles,Beverly Crest,228,34.17,1058.5,0.67,0.6,253.81,4.87,0.094,0.11796536796536797,0.22746963994034516,0.67,0.272
los-angeles,Beverly Grove,577,32.73,237.0,0.67,0.36,236.98,4.76,0.09,0.3068181818181818,0.217243093530289,0.67,0.344
los-angeles,Beverly Hills,1055,45.61,209.0,0.77,0.02,218.77,4.62,0.125,0.5654761904761905,0.3087138697535686,0.77,0.504
los-angeles,Beverlywood,32,47.88,136.0,0.56,0.53,202.91,4.77,0.131,0.011904761904761904,0.32483488388608767,0.56,0.247
los-angeles,Boyle Heights,119,64.86,82.0,0.71,0.34,203.65,4.76,0.178,0.058982683982683984,0.44542291030466585,0.71,0.344
los-angeles,Brentwood,230,28.1,175.0,0.54,0.28,203.33,4.77,0.077,0.11904761904761904,0.18436190611462255,0.54,0.229
los-angeles,Broadway-Manchester,25,71.52,110.0,0.56,0.36,235.36,4.63,0.196,0.008116883116883116,0.4927206874511753,0.56,0.312
los-angeles,Burbank,616,100.74,153.0,0.6,0.01,204.56,4.83,0.276,0.32792207792207795,0.7002343583552304,0.6,0.531
los-angeles,Calabasas,129,40.98,186.5,0.5,0.0,215.88,4.88,0.112,0.06439393939393939,0.2758326823379021,0.5,0.236
los-angeles,Canoga Park,100,51.2,99.5,0.61,0.54,226.13,4.84,0.14,0.048701298701298704,0.3484127547759392,0.61,0.281
los-angeles,Carson,149,61.76,102.0,0.5,0.0,216.04,4.74,0.169,0.07521645021645022,0.42340742844968393,0.5,0.299
los-angeles,Carthay,98,67.44,138.0,0.68,0.4,230.79,4.78,0.185,0.047619047619047616,0.463745472622683,0.68,0.341
los-angeles,Castaic,20,52.8,129.0,0.5,0.0,247.45,4.83,0.145,0.005411255411255411,0.35977558412044597,0.5,0.246
los-angeles,Castaic Canyons,49,33.29,185.0,0.41,0.0,225.2,4.91,0.091,0.021103896103896104,0.2212200838008664,0.41,0.179
los-angeles,Central-Alameda,33,61.94,51.0,0.85,0.15,206.85,4.94,0.17,0.012445887445887446,0.42468574675094095,0.85,0.345
los-angeles,Century City,37,77.32,190.5,0.41,0.35,203.81,4.91,0.212,0.01461038961038961,0.5339109438250124,0.41,0.301
los-angeles,Cerritos,27,67.33,77.0,0.48,0.0,207.56,4.83,0.184,0.0091991341991342,0.4629642781052482,0.48,0.285
los-angeles,Charter Oak,15,125.87,103.0,0.8,0.0,185.13,4.82,0.345,0.0027056277056277055,0.8787017967473901,0.8,0.513
los-angeles,Chatsworth,96,61.3,187.0,0.51,0.57,235.22,4.91,0.168,0.046536796536796536,0.42014061501313826,0.51,0.289
los-angeles,Chesterfield Square,17,73.47,95.0,0.24,0.47,143.24,4.7,0.201,0.003787878787878788,0.506569135714793,0.24,0.252
los-angeles,Cheviot Hills,22,32.77,200.0,0.23,0.36,152.23,4.8,0.09,0.006493506493506494,0.21752716426390173,0.23,0.136
los-angeles,Chinatown,75,21.27,168.0,0.55,0.32,222.24,4.81,0.058,0.035173160173160176,0.1358568283502592,0.55,0.178
los-angeles,Claremont,83,98.9,141.0,0.49,0.0,180.29,4.89,0.271,0.039502164502164504,0.6871671046090477,0.49,0.389
los-angeles,Commerce,17,54.88,196.0,0.47,0.0,232.29,4.74,0.15,0.003787878787878788,0.3745472622683048,0.47,0.245
los-angeles,Compton,70,60.14,130.0,0.44,0.0,203.74,4.77,0.165,0.032467532467532464,0.41190256373837086,0.44,0.266
los-angeles,Covina,94,70.11,91.5,0.59,0.0,219.59,4.85,0.192,0.045454545454545456,0.48270719409132873,0.59,0.329
los-angeles,Culver City,641,91.74,173.5,0.63,0.01,199.05,4.81,0.251,0.34145021645021645,0.6363184432923797,0.63,0.517
los-angeles,Cypress Park,22,74.05,112.0,0.41,0.36,127.95,4.84,0.203,0.006493506493506494,0.5106881613521767,0.41,0.289
los-angeles,Del Aire,77,119.81,149.0,0.56,0.0,187.55,4.82,0.328,0.036255411255411256,0.8356650806050706,0.56,0.461
los-angeles,Del Rey,312,57.58,177.0,0.53,0.42,205.37,4.81,0.158,0.1634199134199134,0.39372203678716,0.53,0.329
los-angeles,Diamond Bar,123,31.5,254.5,0.63,0.0,156.57,4.81,0.086,0.061147186147186144,0.20850791847169944,0.63,0.234
los-angeles,Downey,158,74.93,124.5,0.62,0.0,190.34,4.83,0.205,0.08008658008658008,0.5169377174916555,0.62,0.363
los-angeles,Downtown,1187,43.03,171.0,0.61,0.47,229.87,4.74,0.118,0.6369047619047619,0.29039130743555147,0.61,0.493
los-angeles,Duarte,51,47.33,94.5,0.67,0.0,228.98,4.86,0.13,0.022186147186147188,0.32092891129891343,0.67,0.271
los-angeles,Eagle Rock,165,77.55,152.0,0.32,0.52,183.18,4.89,0.212,0.08387445887445888,0.5355443505432852,0.32,0.312
los-angeles,East Hollywood,385,46.61,104.0,0.69,0.33,216.12,4.66,0.128,0.20292207792207792,0.31581563809388535,0.69,0.345
los-angeles,East Los Angeles,377,101.02,130.0,0.69,0.0,230.7,4.76,0.277,0.1985930735930736,0.702222853490519,0.69,0.498
los-angeles,East Pasadena,89,104.15,131.5,0.84,0.02,214.09,4.83,0.285,0.04274891774891775,0.7244513883957105,0.84,0.475
los-angeles,East San Gabriel,161,63.48,99.0,0.81,0.0,199.91,4.68,0.174,0.0817099567099567,0.43562246999502874,0.81,0.369
los-angeles,Echo Park,372,65.53,150.0,0.44,0.38,164.21,4.83,0.18,0.1958874458874459,0.45018109509267806,0.44,0.346
los-angeles,El Monte,326,83.06,79.0,0.85,0.0,226.01,4.75,0.228,0.170995670995671,0.5746750940984305,0.85,0.468
los-angeles,El Segundo,115,66.93,150.0,0.76,0.52,233.02,4.79,0.183,0.056818181818181816,0.4601235707691215,0.76,0.359
los-angeles,El Sereno,87,75.28,116.0,0.52,0.55,203.13,4.91,0.206,0.041666666666666664,0.5194233364107663,0.52,0.328
los-angeles,Elysian Park,14,123.21,107.0,0.57,0.29,254.29,4.84,0.338,0.0021645021645021645,0.8598110929621475,0.57,0.459
los-angeles,Elysian Valley,33,48.88,123.5,0.55,0.21,149.36,4.58,0.134,0.012445887445887446,0.3319366522264044,0.55,0.248
los-angeles,Encino,246,48.23,224.0,0.6,0.4,241.61,4.83,0.132,0.1277056277056277,0.3273205028051985,0.6,0.302
los-angeles,Exposition Park,654,28.5,42.0,0.94,0.08,264.43,4.45,0.078,0.3484848484848485,0.18720261345074923,0.94,0.402
los-angeles,Fairfax,304,57.55,225.0,0.63,0.47,200.67,4.79,0.158,0.1590909090909091,0.3935089837369505,0.63,0.347
los-angeles,Florence,16,15.0,193.5,0.88,0.19,160.56,4.31,0.041,0.003246753246753247,0.09132874085647326,0.88,0.214
los-angeles,Florence-Firestone,47,71.49,91.5,0.79,0.0,232.4,4.63,0.196,0.02002164502164502,0.4925076344009658,0.79,0.363
los-angeles,Gardena,132,72.39,105.0,0.57,0.05,224.22,4.72,0.198,0.06601731601731602,0.4988992259072509,0.57,0.34
los-angeles,Glassell Park,91,95.02,120.0,0.4,0.51,175.75,4.86,0.26,0.04383116883116883,0.6596122434486187,0.4,0.361
los-angeles,Glendale,731,77.93,165.0,0.59,0.0,215.23,4.76,0.214,0.39015151515151514,0.5382430225126057,0.59,0.489
los-angeles,Glendora,125,71.34,147.5,0.64,0.0,266.22,4.79,0.195,0.06222943722943723,0.49144236914991835,0.64,0.349
los-angeles,Gramercy Park,35,69.54,129.0,0.37,0.63,251.2,4.73,0.191,0.013528138528138528,0.47865918613734826,0.37,0.271
los-angeles,Granada Hills,62,66.55,193.0,0.45,0.65,225.58,4.87,0.182,0.02813852813852814,0.45742489879980114,0.45,0.284
los-angeles,Green Meadows,11,100.36,126.0,0.36,0.82,163.91,4.73,0.275,0.0005411255411255411,0.6975356863859101,0.36,0.351
los-angeles,Hacienda Heights,342,64.23,75.0,0.8,0.0,213.64,4.71,0.176,0.17965367965367965,0.44094879625026634,0.8,0.408
los-angeles,Hancock Park,92,42.26,200.0,0.57,0.57,213.45,4.86,0.116,0.044372294372294376,0.2849229458135075,0.57,0.246
los-angeles,Harbor City,63,40.62,62.0,0.92,0.22,197.25,4.74,0.111,0.02867965367965368,0.2732760457353881,0.92,0.305
los-angeles,Harbor Gateway,82,63.82,110.5,0.68,0.44,261.28,4.78,0.175,0.03896103896103896,0.43803707123073643,0.68,0.327
los-angeles,Harvard Heights,74,68.91,95.0,0.73,0.42,209.24,4.66,0.189,0.03463203463203463,0.47418507208294863,0.73,0.35
los-angeles,Harvard Park,10,46.0,149.0,0.4,0.9,264.7,4.7,0.126,0.0,0.31148355940629213,0.4,0.205
los-angeles,Hawthorne,313,89.97,121.0,0.66,0.01,186.56,4.76,0.246,0.16396103896103897,0.6237483133300191,0.66,0.447
los-angeles,Hermosa Beach,307,71.47,255.0,0.56,0.0,204.13,4.85,0.196,0.16071428571428573,0.4923655990341595,0.56,0.373
los-angeles,Highland Park,223,77.92,144.0,0.43,0.44,164.91,4.88,0.213,0.11525974025974026,0.5381720048292025,0.43,0.347
los-angeles,Historic South-Central,86,32.33,38.0,0.77,0.28,230.1,4.54,0.089,0.04112554112554113,0.21440238619416233,0.77,0.256
los-angeles,Hollywood,1816,42.19,147.0,0.69,0.4,198.2,4.71,0.116,0.9772727272727273,0.28442582202968536,0.69,0.643
los-angeles,Hollywood Hills,727,57.56,231.0,0.52,0.51,211.07,4.81,0.158,0.387987012987013,0.39358000142035365,0.52,0.417
los-angeles,Hollywood Hills West,676,46.83,766.5,0.59,0.62,241.6,4.86,0.128,0.36038961038961037,0.317378027128755,0.59,0.389
los-angeles,Huntington Park,20,39.75,94.0,0.65,0.0,250.8,4.15,0.109,0.005411255411255411,0.26709750727931253,0.65,0.239
los-angeles,Hyde Park,198,70.02,107.0,0.56,0.43,195.35,4.72,0.192,0.10173160173160173,0.4820680349407002,0.56,0.346
los-angeles,Industry,19,45.32,153.0,0.79,0.0,101.74,4.86,0.124,0.00487012987012987,0.3066543569348768,0.79,0.283
los-angeles,Inglewood,460,63.39,132.0,0.51,0.37,222.86,4.82,0.174,0.2435064935064935,0.43498331084440023,0.51,0.373
los-angeles,Jefferson Park,110,57.35,115.0,0.43,0.42,212.35,4.83,0.157,0.05411255411255411,0.39208863006888717,0.43,0.264
los-angeles,Koreatown,603,33.42,100.0,0.73,0.36,221.25,4.59,0.092,0.3208874458874459,0.2221433136851076,0.73,0.363
los-angeles,La Canada Flintridge,45,37.89,229.0,0.29,0.0,151.04,4.93,0.104,0.01893939393939394,0.2538882181663234,0.29,0.167
los-angeles,La Crescenta-Montrose,52,81.67,197.5,0.65,0.0,179.17,4.94,0.224,0.022727272727272728,0.5648036361053902,0.65,0.365
los-angeles,La Habra Heights,14,2.14,86.0,0.43,0.0,186.07,4.96,0.006,0.0021645021645021645,0.0,0.43,0.087
los-angeles,La Mirada,46,108.15,104.5,0.65,0.0,238.67,4.67,0.296,0.01948051948051948,0.7528584617569775,0.65,0.439
los-angeles,La Puente,52,76.63,126.0,0.83,0.0,173.38,4.8,0.21,0.022727272727272728,0.5290107236701939,0.83,0.387
los-angeles,La Verne,42,87.0,75.0,0.69,0.55,281.9,4.89,0.238,0.017316017316017316,0.6026560613592784,0.69,0.386
los-angeles,Ladera Heights,79,69.97,184.0,0.61,0.01,211.23,4.78,0.192,0.037337662337662336,0.4817129465236844,0.61,0.33
los-angeles,Lake Balboa,122,73.7,128.0,0.53,0.44,237.65,4.84,0.202,0.06060606060606061,0.5082025424330658,0.53,0.334
los-angeles,Lakewood,73,74.33,116.0,0.52,0.0,177.68,4.74,0.204,0.03409090909090909,0.5126766564874654,0.52,0.323
los-angeles,Lancaster,385,52.38,63.0,0.68,0.0,261.93,4.79,0.144,0.20292207792207792,0.356792841417513,0.68,0.36
los-angeles,Larchmont,83,49.35,174.5,0.53,0.47,181.98,4.71,0.135,0.039502164502164504,0.33527448334635324,0.53,0.256
los-angeles,Lawndale,120,88.47,128.0,0.6,0.0,186.44,4.8,0.242,0.05952380952380952,0.613095660819544,0.6,0.389
los-angeles,Leimert Park,42,73.12,128.0,0.43,0.43,208.5,4.55,0.2,0.017316017316017316,0.5040835167956822,0.43,0.295
los-angeles,Lennox,75,122.95,115.5,0.64,0.03,192.57,4.76,0.337,0.035173160173160176,0.8579646331936652,0.64,0.485
los-angeles,Leona Valley,12,32.83,118.0,0.75,0.0,292.92,4.78,0.09,0.0010822510822510823,0.2179532703643207,0.75,0.238
los-angeles,Lincoln Heights,64,43.09,120.0,0.56,0.34,185.08,4.84,0.118,0.02922077922077922,0.29081741353597046,0.56,0.24
los-angeles,Lomita,33,94.36,125.5,0.55,0.03,196.3,4.84,0.259,0.012445887445887446,0.6549250763440096,0.55,0.377
los-angeles,Long Beach,1858,88.0,153.5,0.53,0.65,213.33,4.82,0.241,1.0,0.6097578296995951,0.53,0.75
los-angeles,Los Feliz,311,58.08,175.0,0.41,0.38,156.51,4.86,0.159,0.16287878787878787,0.39727292095731837,0.41,0.306
los-angeles,Lynwood,43,100.6,126.0,0.7,0.0,236.35,4.7,0.276,0.017857142857142856,0.6992401107875861,0.7,0.427
los-angeles,Malibu,445,45.4,823.0,0.64,0.7,224.37,4.85,0.124,0.2353896103896104,0.3072224984021021,0.64,0.345
los-angeles,Manchester Square,40,61.1,131.0,0.45,0.32,264.45,4.72,0.167,0.016233766233766232,0.4187202613450749,0.45,0.264
los-angeles,Manhattan Beach,435,81.65,357.5,0.56,0.0,211.2,4.87,0.224,0.22997835497835498,0.564661600738584,0.56,0.43
los-angeles,Mar Vista,296,70.89,151.0,0.42,0.45,181.8,4.8,0.194,0.15476190476190477,0.4882465733967758,0.42,0.341
los-angeles,Marina del Rey,406,51.43,235.0,0.77,0.01,224.08,4.68,0.141,0.21428571428571427,0.350046161494212,0.77,0.38
los-angeles,Mayflower Village,73,60.99,174.0,0.79,0.0,244.55,4.66,0.167,0.03409090909090909,0.4179390668276401,0.79,0.339
los-angeles,Maywood,11,71.36,85.0,0.82,0.0,310.73,4.42,0.196,0.0005411255411255411,0.49158440451672464,0.82,0.361
los-angeles,Mid-City,587,61.74,112.0,0.64,0.36,217.61,4.71,0.169,0.31222943722943725,0.42326539308287764,0.64,0.422
los-angeles,Mid-Wilshire,521,40.16,129.5,0.57,0.28,213.14,4.76,0.11,0.2765151515151515,0.2700092322988424,0.57,0.333
los-angeles,Mission Hills,21,58.52,110.0,0.52,0.48,210.38,4.33,0.16,0.005952380952380952,0.40039769902705774,0.52,0.267
los-angeles,Monrovia,208,71.42,139.5,0.69,0.0,223.69,4.81,0.196,0.10714285714285714,0.4920105106171437,0.69,0.378
los-angeles,Montebello,52,71.04,145.0,0.48,0.0,174.0,4.77,0.195,0.022727272727272728,0.48931183864782335,0.48,0.301
los-angeles,Montecito Heights,84,78.18,106.0,0.4,0.45,195.25,4.85,0.214,0.04004329004329004,0.5400184645976849,0.4,0.312
los-angeles,Monterey Park,332,82.7,124.0,0.78,0.0,217.45,4.73,0.227,0.17424242424242425,0.5721184574959165,0.78,0.455
los-angeles,Mount Washington,117,64.04,192.5,0.28,0.61,157.26,4.93,0.175,0.057900432900432904,0.43959946026560615,0.28,0.255
los-angeles,North El Monte,26,81.19,144.5,0.73,0.0,199.35,4.73,0.222,0.008658008658008658,0.5613947873020382,0.73,0.374
los-angeles,North Hills,92,72.79,108.5,0.54,0.59,240.66,4.83,0.199,0.044372294372294376,0.5017399332433776,0.54,0.326
los-angeles,North Hollywood,490,56.25,130.0,0.59,0.38,211.34,4.81,0.154,0.2597402597402597,0.38427668489453876,0.59,0.376
los-angeles,Northeast Antelope Valley,19,44.0,127.5,0.47,0.0,247.79,4.88,0.121,0.00487012987012987,0.2972800227256587,0.47,0.215
los-angeles,Northridge,155,56.83,141.5,0.52,0.54,247.79,4.8,0.156,0.07846320346320346,0.3883957105319224,0.52,0.291
los-angeles,Northwest Antelope Valley,11,43.27,51.0,0.45,0.0,252.64,4.85,0.119,0.0005411255411255411,0.2920957318372275,0.45,0.207
los-angeles,Northwest Palmdale,26,48.08,98.0,0.73,0.0,276.19,4.73,0.132,0.008658008658008658,0.326255237554151,0.73,0.28
los-angeles,Norwalk,102,108.05,95.5,0.62,0.0,208.38,4.74,0.296,0.049783549783549784,0.7521482849229458,0.62,0.445
los-angeles,Pacific Palisades,120,21.13,371.0,0.5,0.49,232.16,4.85,0.058,0.05952380952380952,0.13486258078261487,0.5,0.178
los-angeles,Pacoima,11,72.0,124.0,0.27,0.64,211.18,4.85,0.197,0.0005411255411255411,0.4961295362545274,0.27,0.253
los-angeles,Palmdale,226,31.13,83.0,0.57,0.0,253.46,4.77,0.085,0.11688311688311688,0.20588026418578226,0.57,0.243
los-angeles,Palms,281,54.38,110.0,0.61,0.16,216.33,4.76,0.149,0.14664502164502163,0.37099637809814645,0.61,0.329
los-angeles,Palos Verdes Estates,21,29.62,315.0,0.24,0.0,198.19,4.75,0.081,0.005952380952380952,0.195156593991904,0.24,0.128
los-angeles,Panorama City,59,36.47,96.5,0.61,0.41,257.93,4.8,0.1,0.026515151515151516,0.24380370712307364,0.61,0.23
los-angeles,Paramount,24,46.42,90.0,0.5,0.0,212.04,4.86,0.127,0.007575757575757576,0.3144663021092252,0.5,0.229
los-angeles,Pasadena,778,84.2,177.0,0.68,0.18,200.47,4.82,0.231,0.4155844155844156,0.5827711100063916,0.68,0.535
los-angeles,Pico Rivera,58,73.14,112.0,0.64,0.0,195.53,4.86,0.2,0.025974025974025976,0.5042255521624884,0.64,0.34
los-angeles,Pico-Robertson,325,32.84,140.0,0.7,0.18,256.27,4.58,0.09,0.17045454545454544,0.2180242880477239,0.7,0.295
los-angeles,Pico-Union,179,49.27,74.5,0.82,0.27,232.34,4.55,0.135,0.09145021645021645,0.3347063418791279,0.82,0.334
los-angeles,Playa Vista,106,32.96,223.0,0.66,0.17,193.94,4.86,0.09,0.05194805194805195,0.2188765002485619,0.66,0.24
los-angeles,Playa del Rey,115,50.83,213.5,0.35,0.33,187.04,4.84,0.139,0.056818181818181816,0.345785100490022,0.35,0.231
los-angeles,Pomona,168,69.15,94.0,0.66,0.0,207.44,4.78,0.189,0.0854978354978355,0.4758894964846247,0.66,0.357
los-angeles,Porter Ranch,34,62.5,149.0,0.44,0.56,215.0,4.91,0.171,0.012987012987012988,0.42866273702151836,0.44,0.265
los-angeles,Quartz Hill,39,58.72,97.0,0.64,0.0,252.95,4.84,0.161,0.015692640692640692,0.40181805269512105,0.64,0.295
los-angeles,Rancho Palos Verdes,129,37.16,254.0,0.7,0.0,257.12,4.77,0.102,0.06439393939393939,0.24870392727789217,0.7,0.265
los-angeles,Rancho Park,44,66.8,154.5,0.48,0.43,190.5,4.82,0.183,0.0183982683982684,0.4592003408848803,0.48,0.287
los-angeles,Redondo Beach,465,63.12,174.0,0.5,0.0,184.11,4.79,0.173,0.24621212121212122,0.4330658333925147,0.5,0.372
los-angeles,Reseda,209,60.07,114.0,0.56,0.4,230.52,4.84,0.165,0.10768398268398269,0.41140543995454865,0.56,0.32
los-angeles,Rolling Hills Estates,22,42.45,219.0,0.5,0.0,216.09,4.86,0.116,0.006493506493506494,0.28627228179816777,0.5,0.217
los-angeles,Rosemead,110,77.83,99.0,0.79,0.0,212.14,4.75,0.213,0.05411255411255411,0.537532845678574,0.79,0.395
los-angeles,Rowland Heights,626,64.38,70.0,0.86,0.0,203.94,4.64,0.176,0.3333333333333333,0.4420140615013138,0.86,0.482
los-angeles,San Dimas,56,21.59,127.0,0.64,0.0,217.52,4.83,0.059,0.024891774891774892,0.13812939421916057,0.64,0.193
los-angeles,San Fernando,38,113.24,161.5,0.76,0.0,259.79,4.78,0.31,0.015151515151515152,0.7890064626091896,0.76,0.474
los-angeles,San Gabriel,265,60.36,121.0,0.8,0.0,226.65,4.77,0.165,0.137987012987013,0.4134649527732405,0.8,0.381
los-angeles,San Marino,30,13.37,399.0,0.83,0.0,275.13,4.85,0.037,0.010822510822510822,0.07975285846175696,0.83,0.202
los-angeles,San Pasqual,17,49.12,145.0,0.59,0.06,247.24,4.82,0.135,0.003787878787878788,0.33364107662808035,0.59,0.253
los-angeles,San Pedro,165,65.62,144.0,0.5,0.41,225.12,4.82,0.18,0.08387445887445888,0.45082025424330663,0.5,0.314
los-angeles,Santa Clarita,349,61.59,154.5,0.5,0.0,190.17,4.8,0.169,0.18344155844155843,0.42220012783183014,0.5,0.342
los-angeles,Santa Fe Springs,10,134.9,106.0,0.6,0.0,226.1,4.92,0.37,0.0,0.9428307648604504,0.6,0.497
los-angeles,Santa Monica,1244,80.81,203.0,0.64,0.71,207.68,4.79,0.221,0.6677489177489178,0.5586961153327179,0.64,0.619
los-angeles,Sawtelle,403,43.89,120.0,0.57,0.29,191.8,4.73,0.12,0.21266233766233766,0.2964988282082238,0.57,0.318
los-angeles,Shadow Hills,42,37.14,129.0,0.29,0.45,217.52,4.82,0.102,0.017316017316017316,0.24856189191108585,0.29,0.164
los-angeles,Sherman Oaks,525,55.48,200.0,0.58,0.45,223.83,4.84,0.152,0.2786796536796537,0.3788083232724948,0.58,0.379
los-angeles,Sierra Madre,35,69.57,247.0,0.4,0.0,227.57,4.91,0.191,0.013528138528138528,0.47887223918755767,0.4,0.277
los-angeles,Signal Hill,41,87.8,138.0,0.59,0.02,141.46,4.89,0.241,0.016774891774891776,0.6083374760315318,0.59,0.368
los-angeles,Silver Lake,494,77.04,160.0,0.4,0.45,182.55,4.89,0.211,0.2619047619047619,0.5319224486897238,0.4,0.398
los-angeles,South El Monte,41,138.46,96.0,0.9,0.0,207.85,4.7,0.379,0.016774891774891776,0.968113060151978,0.9,0.574
los-angeles,South Gate,43,101.44,133.5,0.47,0.0,211.05,4.79,0.278,0.017857142857142856,0.7052055961934521,0.47,0.383
los-angeles,South Park,21,8.57,53.0,0.62,0.19,264.86,4.4,0.023,0.005952380952380952,0.04566437042823663,0.62,0.145
los-angeles,South Pasadena,99,77.97,170.0,0.56,0.01,185.77,4.78,0.214,0.04816017316017316,0.5385270932462183,0.56,0.347
los-angeles,South San Gabriel,82,105.91,85.0,0.83,0.0,252.82,4.64,0.29,0.03896103896103896,0.7369505006746679,0.83,0.476
los-angeles,South San Jose Hills,29,95.79,117.0,0.79,0.0,243.31,4.64,0.262,0.010281385281385282,0.6650806050706626,0.79,0.428
los-angeles,South Whittier,49,103.29,125.0,0.45,0.0,200.55,4.88,0.283,0.021103896103896104,0.7183438676230381,0.45,0.386
los-angeles,Southeast Antelope Valley,36,44.83,151.5,0.61,0.0,243.58,4.77,0.123,0.01406926406926407,0.30317449044812156,0.61,0.249
los-angeles,Stevenson Ranch,21,12.1,207.5,0.62,0.0,251.38,4.55,0.033,0.005952380952380952,0.0707336126695547,0.62,0.155
los-angeles,Studio City,384,54.55,236.5,0.54,0.49,207.13,4.87,0.149,0.20238095238095238,0.37220367871600024,0.54,0.338
los-angeles,Sun Valley,104,49.17,125.0,0.44,0.55,211.98,4.83,0.135,0.050865800865800864,0.3339961650450962,0.44,0.242
los-angeles,Sunland,11,24.55,210.0,0.36,0.45,275.91,4.91,0.067,0.0005411255411255411,0.1591506285064981,0.36,0.136
los-angeles,Sylmar,43,83.81,145.0,0.49,0.58,233.14,4.79,0.23,0.017857142857142856,0.5800014203536681,0.49,0.337
los-angeles,Tarzana,215,47.61,226.0,0.56,0.49,231.57,4.8,0.13,0.11093073593073594,0.3229174064342021,0.56,0.286
los-angeles,Temple City,175,43.7,125.5,0.79,0.0,184.16,4.71,0.12,0.08928571428571429,0.2951494922235637,0.79,0.312
los-angeles,Toluca Lake,75,66.67,177.0,0.55,0.37,226.49,4.87,0.183,0.035173160173160176,0.45827711100063917,0.55,0.307
los-angeles,Topanga,387,75.76,198.0,0.5,0.0,199.21,4.88,0.208,0.204004329004329,0.5228321852141183,0.5,0.391
los-angeles,Torrance,372,64.92,123.0,0.59,0.0,193.5,4.78,0.178,0.1958874458874459,0.44584901640508484,0.59,0.375
los-angeles,Tujunga,30,51.87,97.5,0.5,0.27,222.77,4.76,0.142,0.010822510822510822,0.3531709395639514,0.5,0.246
los-angeles,Tujunga Canyons,18,24.28,187.0,0.39,0.0,260.39,4.59,0.067,0.004329004329004329,0.1572331510546126,0.39,0.143
los-angeles,Unincorporated Catalina Island,10,25.2,818.0,1.0,0.0,105.3,4.71,0.069,0.0,0.163766777927704,1.0,0.266
los-angeles,Unincorporated Santa Monica Mountains,182,64.44,402.0,0.52,0.02,203.15,4.93,0.177,0.09307359307359307,0.4424401676017328,0.52,0.318
los-angeles,Unincorporated Santa Susana Mountains,41,27.46,314.0,0.59,0.0,253.71,4.88,0.075,0.016774891774891776,0.17981677437681984,0.59,0.197
los-angeles,Universal City,43,77.47,226.0,0.95,0.05,167.19,4.76,0.212,0.017857142857142856,0.5349762090760599,0.95,0.411
los-angeles,University Park,66,41.95,63.5,0.48,0.14,135.95,4.46,0.115,0.030303030303030304,0.2827213976280094,0.48,0.221
los-angeles,Valinda,51,81.61,99.0,0.69,0.0,194.04,4.73,0.224,0.022186147186147188,0.5643775300049713,0.69,0.373
los-angeles,Valley Glen,227,54.8,188.0,0.52,0.54,207.59,4.83,0.15,0.11742424242424243,0.3739791208010794,0.52,0.301
los-angeles,Valley Village,170,42.01,187.5,0.62,0.41,216.99,4.84,0.115,0.08658008658008658,0.28314750372842834,0.62,0.272
los-angeles,Van Nuys,218,61.15,128.0,0.51,0.49,200.08,4.85,0.168,0.11255411255411256,0.41907534976209077,0.51,0.315
los-angeles,Venice,1540,62.95,238.0,0.55,0.44,195.84,4.83,0.172,0.827922077922078,0.4318585327746609,0.55,0.614
los-angeles,Vermont Knolls,28,52.54,107.0,0.54,0.61,217.43,4.6,0.144,0.00974025974025974,0.3579291243519636,0.54,0.255
los-angeles,Vermont Square,153,62.42,87.5,0.73,0.35,214.56,4.76,0.171,0.07738095238095238,0.428094595554293,0.73,0.348
los-angeles,Vermont Vista,55,40.69,56.0,0.67,0.44,294.76,4.44,0.111,0.024350649350649352,0.27377316951921027,0.67,0.253
los-angeles,Vermont-Slauson,25,78.0,82.0,0.64,0.36,173.96,4.78,0.214,0.008116883116883116,0.5387401462964277,0.64,0.347
los-angeles,Vernon,163,86.26,204.5,0.89,0.0,214.22,4.69,0.236,0.08279220779220779,0.5974007527874441,0.89,0.45
los-angeles,Veterans Administration,42,50.5,239.0,0.81,0.05,116.29,4.72,0.138,0.017316017316017316,0.34344151693771746,0.81,0.306
los-angeles,View Park-Windsor Hills,269,72.48,113.0,0.69,0.02,233.7,4.65,0.199,0.14015151515151514,0.49953838505787945,0.69,0.394
los-angeles,Vincent,15,109.33,85.5,0.67,0.0,214.13,4.59,0.3,0.0027056277056277055,0.7612385483985512,0.67,0.44
los-angeles,Walnut,101,29.75,80.0,0.72,0.0,151.11,4.72,0.082,0.04924242424242424,0.19607982387614514,0.72,0.242
los-angeles,Watts,15,49.2,17.0,0.73,0.2,263.0,4.7,0.135,0.0027056277056277055,0.33420921809530574,0.73,0.281
los-angeles,West Adams,149,64.5,152.5,0.56,0.44,206.18,4.84,0.177,0.07521645021645022,0.4428662737021518,0.56,0.319
los-angeles,West Carson,50,68.8,149.0,0.48,0.0,170.42,4.82,0.188,0.021645021645021644,0.4734038775655138,0.48,0.294
los-angeles,West Compton,10,76.2,112.0,0.6,0.0,101.3,4.6,0.209,0.0,0.5259569632838577,0.6,0.33
los-angeles,West Covina,254,72.05,112.0,0.66,0.0,181.23,4.76,0.197,0.13203463203463203,0.4964846246715432,0.66,0.383
los-angeles,West Hills,197,59.65,173.0,0.64,0.45,228.1,4.85,0.163,0.10119047619047619,0.4084226972516156,0.64,0.332
los-angeles,West Hollywood,1220,71.31,189.0,0.75,0.63,217.84,4.78,0.195,0.6547619047619048,0.4912293160997088,0.75,0.608
los-angeles,West Los Angeles,186,64.37,148.5,0.73,0.2,236.62,4.76,0.176,0.09523809523809523,0.44194304381791066,0.73,0.361
los-angeles,West Puente Valley,14,62.14,82.5,0.57,0.0,216.07,4.78,0.17,0.0021645021645021645,0.4261061004190043,0.57,0.285
los-angeles,West Whittier-Los Nietos,28,83.79,123.0,0.5,0.0,159.21,4.82,0.23,0.00974025974025974,0.5798593849868617,0.5,0.336
los-angeles,Westchester,255,49.43,153.5,0.5,0.37,201.26,4.85,0.135,0.13257575757575757,0.33584262481357857,0.5,0.287
los-angeles,Westlake,537,36.74,143.0,0.73,0.3,233.14,4.7,0.101,0.2851731601731602,0.24572118457495917,0.73,0.358
los-angeles,Westlake Village,13,45.69,238.5,0.0,0.0,227.08,4.98,0.125,0.0016233766233766235,0.30928201122079396,0.0,0.124
los-angeles,Westmont,96,105.26,143.0,0.55,0.0,207.85,4.71,0.288,0.046536796536796536,0.7323343512534621,0.55,0.422
los-angeles,Westwood,505,36.94,114.0,0.77,0.16,207.15,4.8,0.101,0.26785714285714285,0.24714153824302248,0.77,0.36
los-angeles,Whittier,153,83.17,122.5,0.57,0.0,204.99,4.84,0.228,0.07738095238095238,0.5754562886158654,0.57,0.375
los-angeles,Willowbrook,44,94.3,97.0,0.7,0.0,239.32,4.77,0.258,0.0183982683982684,0.6544989702435906,0.7,0.409
los-angeles,Wilmington,16,46.31,91.5,0.44,0.69,241.81,4.89,0.127,0.003246753246753247,0.31368510759179036,0.44,0.215
los-angeles,Windsor Square,28,95.32,161.0,0.25,0.54,176.0,4.78,0.261,0.00974025974025974,0.6617427739507137,0.25,0.319
los-angeles,Winnetka,125,62.86,112.0,0.54,0.58,218.8,4.89,0.172,0.06222943722943723,0.43121937362403234,0.54,0.305
los-angeles,Woodland Hills,538,44.08,179.0,0.57,0.48,242.2,4.83,0.121,0.2857142857142857,0.297848164192884,0.57,0.347
new-york-city,Allerton,44,41.93,85.0,0.52,0.05,251.8,4.71,0.115,0.013229571984435798,0.22656192643711914,0.5531914893617021,0.207
new-york-city,Arrochar,12,68.33,99.5,0.33,0.25,291.25,4.79,0.187,0.0007782101167315176,0.4203802951325159,0.3510638297872341,0.239
new-york-city,Arverne,88,48.7,145.5,0.45,0.16,222.68,4.8,0.133,0.030350194552529183,0.27626459143968873,0.4787234042553192,0.218
new-york-city,Astoria,548,48.84,102.0,0.36,0.11,135.62,4.76,0.134,0.20933852140077822,0.2772924161221643,0.3829787234042553,0.271
new-york-city,Bath Beach,26,76.92,117.0,0.27,0.31,244.31,4.85,0.211,0.0062256809338521405,0.4834446810072681,0.2872340425531915,0.253
new-york-city,Battery Park City,71,24.35,301.0,0.37,0.21,85.56,4.83,0.067,0.023735408560311283,0.09749651273768446,0.39361702127659576,0.127
new-york-city,Bay Ridge,112,67.85,91.0,0.54,0.05,193.99,4.88,0.186,0.03968871595330739,0.4168563247925996,0.574468085106383,0.298
new-york-city,Baychester,19,25.16,105.5,0.26,0.05,245.32,4.63,0.069,0.003501945525291829,0.10344321268629322,0.2765957446808511,0.098
new-york-city,Bayside,45,64.64,120.0,0.67,0.13,196.91,4.82,0.177,0.013618677042801557,0.3932897731444093,0.7127659574468086,0.305
new-york-city,Bayswater,17,37.06,84.5,0.47,0.12,215.88,4.47,0.102,0.002723735408560311,0.1908083106967183,0.5,0.177
new-york-city,Bedford-Stuyvesant,2580,50.08,125.0,0.49,0.12,172.64,4.73,0.137,1.0,0.28639600616694805,0.5212765957446809,0.619
new-york-city,Bellerose,17,66.18,117.0,0.41,0.06,217.47,4.76,0.181,0.002723735408560311,0.4045958446516409,0.43617021276595747,0.25
new-york-city,Belmont,23,18.91,85.0,0.57,0.04,225.39,4.82,0.052,0.005058365758754864,0.057558182218632986,0.6063829787234042,0.146
new-york-city,Bensonhurst,55,42.73,118.0,0.49,0.09,200.31,4.75,0.117,0.017509727626459144,0.23243521033697961,0.5212765957446809,0.204
new-york-city,Bergen Beach,20,64.1,169.0,0.35,0.3,268.55,4.79,0.176,0.0038910505836575876,0.3893253065120035,0.3723404255319149,0.232
new-york-city,Boerum Hill,125,46.94,244.0,0.34,0.12,133.2,4.84,0.129,0.04474708171206226,0.26334336685999554,0.3617021276595745,0.196
new-york-city,Borough Park,60,49.18,71.0,0.48,0.07,139.97,4.68,0.135,0.019455252918287938,0.279788561779605,0.5106382978723404,0.222
new-york-city,Briarwood,35,50.49,79.5,0.51,0.11,200.37,4.71,0.138,0.009727626459143969,0.2894060641656266,0.5425531914893618,0.228
new-york-city,Brighton Beach,55,31.36,105.0,0.4,0.05,193.87,4.7,0.086,0.017509727626459144,0.14896116291021216,0.4255319148936171,0.152
new-york-city,Bronxdale,18,24.17,50.0,0.17,0.0,201.72,4.7,0.066,0.0031128404669260703,0.09617502386021584,0.18085106382978725,0.076
new-york-city,Brooklyn Heights,76,29.01,286.5,0.28,0.01,109.28,4.86,0.079,0.025680933852140077,0.13170839145437194,0.29787234042553196,0.123
new-york-city,Brownsville,98,85.19,103.0,0.49,0.27,236.93,4.74,0.233,0.034241245136186774,0.5441597533220762,0.5212765957446809,0.336
new-york-city,Bushwick,1457,36.2,88.0,0.46,0.09,153.64,4.74,0.099,0.5630350194552529,0.18449453050436826,0.4893617021276596,0.397
new-york-city,Cambria Heights,59,59.61,108.0,0.46,0.15,230.51,4.84,0.163,0.01906614785992218,0.3563615006240364,0.4893617021276596,0.248
new-york-city,Canarsie,219,78.53,125.0,0.36,0.31,244.39,4.77,0.215,0.08132295719844358,0.4952646648557375,0.3829787234042553,0.307
new-york-city,Carroll Gardens,140,51.48,209.0,0.16,0.07,110.19,4.85,0.141,0.05058365758754864,0.29667425299170397,0.17021276595744683,0.173
new-york-city,Chelsea,853,50.66,250.0,0.57,0.16,171.76,4.69,0.139,0.32801556420233463,0.29065413699434695,0.6063829787234042,0.369
new-york-city,Chinatown,272,71.54,206.0,0.57,0.25,150.65,4.73,0.196,0.10194552529182879,0.4439468467807063,0.6063829787234042,0.34
new-york-city,City Island,16,76.88,110.0,0.25,0.12,232.69,4.91,0.211,0.0023346303501945525,0.4831510168122751,0.26595744680851063,0.247
new-york-city,Civic Center,24,25.96,304.5,0.17,0.12,69.42,4.84,0.071,0.005447470817120622,0.10931649658615374,0.18085106382978725,0.082
new-york-city,Claremont Village,26,87.38,95.0,0.62,0.27,206.27,4.71,0.239,0.0062256809338521405,0.5602378679979443,0.6595744680851064,0.359
new-york-city,Clason Point,28,66.96,75.5,0.46,0.21,283.32,4.8,0.183,0.007003891050583658,0.41032229645400475,0.4893617021276596,0.265
new-york-city,Clifton,12,90.0,79.0,0.33,0.25,177.83,4.72,0.247,0.0007782101167315176,0.5794728727699875,0.3510638297872341,0.302
new-york-city,Clinton Hill,344,31.39,196.0,0.34,0.06,135.73,4.8,0.086,0.12996108949416343,0.14918141105645694,0.3617021276595745,0.184
new-york-city,Cobble Hill,49,49.45,250.0,0.24,0.08,103.8,4.85,0.135,0.015175097276264591,0.28177079509580794,0.2553191489361702,0.17
new-york-city,College Point,50,99.18,130.5,0.46,0.34,224.08,4.81,0.272,0.01556420233463035,0.6468688055208869,0.4893617021276596,0.363
new-york-city,Columbia St,17,15.0,247.0,0.0,0.06,61.47,4.89,0.041,0.002723735408560311,0.028852507158064748,0.0,0.013
new-york-city,Concourse,42,62.07,100.5,0.48,0.21,206.67,4.69,0.17,0.012451361867704281,0.37442184861610744,0.5106382978723404,0.257
new-york-city,Concourse Village,27,72.93,94.0,0.52,0.19,220.63,4.82,0.2,0.006614785992217899,0.45415167755671393,0.5531914893617021,0.295
new-york-city,Coney Island,21,40.0,90.0,0.71,0.0,244.52,4.86,0.11,0.004280155642023347,0.21239262902870565,0.7553191489361702,0.238
new-york-city,Corona,50,76.76,86.5,0.6,0.26,215.88,4.74,0.21,0.01556420233463035,0.48227002422729603,0.6382978723404256,0.327
new-york-city,Crown Heights,1122,52.82,130.0,0.44,0.13,165.71,4.76,0.145,0.43268482490272375,0.30651200352397034,0.46808510638297873,0.389
new-york-city,Cypress Hills,166,96.64,83.0,0.68,0.19,237.43,4.74,0.265,0.060700389105058365,0.6282211291388297,0.723404255319149,0.42
new-york-city,DUMBO,27,50.26,337.5,0.26,0.19,154.44,4.89,0.138,0.006614785992217899,0.2877174950444167,0.2765957446808511,0.173
new-york-city,Ditmars Steinway,193,59.55,124.0,0.25,0.14,172.09,4.81,0.163,0.07120622568093385,0.35592100433154683,0.26595744680851063,0.224
new-york-city,Downtown Brooklyn,75,53.63,247.5,0.41,0.25,145.73,4.68,0.147,0.02529182879377432,0.3124587034725791,0.43617021276595747,0.222
new-york-city,Dyker Heights,14,84.64,85.0,0.5,0.07,117.64,4.79,0.232,0.0015564202334630351,0.540121870640922,0.5319148936170213,0.323
new-york-city,East Elmhurst,185,79.38,109.5,0.44,0.22,229.92,4.77,0.217,0.06809338521400778,0.5015050289993392,0.46808510638297873,0.321
new-york-city,East Flatbush,511,68.51,105.5,0.51,0.19,223.83,4.77,0.188,0.19494163424124514,0.4217017840099846,0.5425531914893618,0.355
new-york-city,East Harlem,689,46.48,129.0,0.49,0.07,166.61,4.62,0.127,0.2642023346303502,0.25996622861757573,0.5212765957446809,0.314
new-york-city,East Morrisania,11,23.18,152.5,0.36,0.18,144.36,4.74,0.064,0.0003891050583657588,0.08890683503413846,0.3829787234042553,0.112
new-york-city,East New York,289,70.12,115.0,0.56,0.21,237.27,4.72,0.192,0.1085603112840467,0.43352176785845387,0.5957446808510639,0.336
new-york-city,East Village,971,36.7,200.0,0.35,0.06,111.87,4.71,0.101,0.37392996108949417,0.1881653329417811,0.3723404255319149,0.299
new-york-city,Eastchester,10,34.6,125.0,0.7,0.2,347.1,4.86,0.095,0.0,0.17274796270464723,0.7446808510638298,0.218
new-york-city,Edenwald,35,57.0,75.0,0.43,0.09,258.8,4.85,0.156,0.009727626459143969,0.3371999119007415,0.4574468085106383,0.23
new-york-city,Edgemere,12,62.58,138.5,0.33,0.25,293.58,4.6,0.171,0.0007782101167315176,0.3781660671022685,0.3510638297872341,0.222
new-york-city,Elmhurst,304,37.92,60.0,0.77,0.04,73.75,4.7,0.104,0.11439688715953307,0.19712209088906835,0.8191489361702128,0.288
new-york-city,Far Rockaway,57,26.32,123.0,0.61,0.0,223.77,4.77,0.072,0.018287937743190662,0.11195947434109095,0.648936170212766,0.182
new-york-city,Financial District,657,38.97,349.0,0.79,0.46,149.86,4.72,0.107,0.2517509727626459,0.20483077600763525,0.8404255319148937,0.351
new-york-city,Flatbush,442,40.06,106.0,0.43,0.11,162.13,4.8,0.11,0.1680933852140078,0.21283312532119522,0.4574468085106383,0.244
new-york-city,Flatiron District,76,38.34,331.5,0.62,0.28,169.89,4.63,0.105,0.025680933852140077,0.20020556493649513,0.6595744680851064,0.222
new-york-city,Flatlands,106,52.47,112.0,0.38,0.18,245.23,4.82,0.144,0.03735408560311284,0.30394244181778135,0.4042553191489362,0.217
new-york-city,Flushing,405,51.23,88.0,0.68,0.13,156.87,4.66,0.14,0.15369649805447472,0.2948388517729975,0.723404255319149,0.324
new-york-city,Fordham,43,50.65,65.0,0.42,0.02,197.63,4.72,0.139,0.012840466926070038,0.29058072094559867,0.4468085106382979,0.211
new-york-city,Forest Hills,95,35.24,136.0,0.35,0.08,164.18,4.62,0.097,0.033073929961089495,0.17744658982453565,0.3723404255319149,0.159
new-york-city,Fort Greene,269,46.05,173.0,0.32,0.07,119.38,4.78,0.126,0.10077821011673152,0.25680933852140075,0.34042553191489366,0.211
new-york-city,Fort Hamilton,108,147.28,163.0,0.7,0.67,230.25,4.59,0.404,0.03813229571984436,1.0,0.7446808510638298,0.564
new-york-city,Fresh Meadows,36,81.72,89.0,0.75,0.31,219.53,4.67,0.224,0.010116731517509728,0.5186843844064313,0.797872340425532,0.371
new-york-city,Glendale,67,74.66,91.0,0.63,0.09,250.13,4.85,0.205,0.02217898832684825,0.4668526539901622,0.6702127659574468,0.33
new-york-city,Gowanus,134,68.8,195.0,0.39,0.13,155.04,4.84,0.188,0.04824902723735409,0.423830849423684,0.41489361702127664,0.272
new-york-city,Gramercy,242,63.38,229.0,0.52,0.14,144.88,4.71,0.174,0.09027237354085603,0.38403935100212905,0.5531914893617021,0.3
new-york-city,Grant City,18,80.83,103.0,0.94,0.06,157.11,4.85,0.221,0.0031128404669260703,0.5121503560678363,1.0,0.406
new-york-city,Gravesend,80,48.34,110.0,0.69,0.06,127.11,4.7,0.132,0.027237354085603113,0.2736216136847515,0.7340425531914894,0.267
new-york-city,Greenpoint,595,30.57,266.0,0.31,0.12,112.27,4.79,0.084,0.22762645914396887,0.1431612950590999,0.3297872340425532,0.214
new-york-city,Greenwich Village,212,27.91,329.0,0.33,0.02,115.37,4.81,0.076,0.07859922178988327,0.12363262609206371,0.3510638297872341,0.151
new-york-city,Harlem,1695,51.17,122.0,0.47,0.13,161.85,4.74,0.14,0.6556420233463035,0.294398355480508,0.5,0.48
new-york-city,Hell's Kitchen,1529,46.02,220.0,0.67,0.16,186.99,4.66,0.126,0.5910505836575876,0.25658909037515604,0.7127659574468086,0.482
new-york-city,Highbridge,20,44.3,61.5,0.4,0.05,122.45,4.83,0.121,0.0038910505836575876,0.24396152999045587,0.4255319148936171,0.184
new-york-city,Hollis,24,63.38,114.0,0.5,0.12,191.67,4.83,0.174,0.005447470817120622,0.38403935100212905,0.5319148936170213,0.262
new-york-city,Howard Beach,40,29.85,112.5,0.42,0.12,252.82,4.86,0.082,0.011673151750972763,0.13787533954922546,0.4468085106382979,0.149
new-york-city,Hunts Point,29,50.17,59.0,0.79,0.03,171.31,4.68,0.137,0.007392996108949416,0.2870567506056824,0.8404255319148937,0.286
new-york-city,Inwood,161,31.22,55.0,0.46,0.01,78.2,4.62,0.086,0.05875486381322957,0.14793333822773658,0.4893617021276596,0.181
new-york-city,Jackson Heights,200,43.88,72.0,0.62,0.1,115.1,4.58,0.12,0.07392996108949416,0.24087805594302916,0.6595744680851064,0.258
new-york-city,Jamaica,254,68.25,105.0,0.5,0.24,227.81,4.7,0.187,0.09494163424124513,0.4197929667425299,0.5319148936170213,0.312
new-york-city,Jamaica Estates,23,62.83,69.0,0.61,0.04,237.78,4.87,0.172,0.005058365758754864,0.3800014683209749,0.648936170212766,0.284
new-york-city,Jamaica Hills,17,49.47,144.0,0.53,0.18,244.12,4.62,0.136,0.002723735408560311,0.28191762719330443,0.5638297872340426,0.227
new-york-city,Kensington,110,29.49,101.0,0.34,0.07,131.81,4.7,0.081,0.038910505836575876,0.13523236179428821,0.3617021276595745,0.142
new-york-city,Kew Gardens,34,47.65,72.0,0.53,0.12,141.68,4.81,0.131,0.00933852140077821,0.26855590632112175,0.5638297872340426,0.224
new-york-city,Kew Gardens Hills,23,26.74,136.5,0.26,0.04,190.48,4.89,0.073,0.005058365758754864,0.11504294838851771,0.2765957446808511,0.103
new-york-city,Kingsbridge,62,26.37,80.0,0.39,0.0,116.68,4.77,0.072,0.020233463035019456,0.11232655458483225,0.41489361702127664,0.136
new-york-city,Kips Bay,387,43.86,227.0,0.57,0.05,179.94,4.68,0.12,0.14669260700389106,0.2407312238455326,0.6063829787234042,0.276
new-york-city,Laurelton,48,61.44,95.0,0.52,0.21,229.69,4.63,0.168,0.014785992217898832,0.3697966375449673,0.5531914893617021,0.264
new-york-city,Little Italy,106,70.25,180.0,0.7,0.27,212.25,4.62,0.192,0.03735408560311284,0.4344761764921812,0.7446808510638298,0.338
new-york-city,Long Island City,425,52.78,179.5,0.55,0.21,169.35,4.72,0.145,0.1614785992217899,0.3062183393289773,0.5851063829787235,0.304
new-york-city,Longwood,50,54.16,68.0,0.48,0.12,160.26,4.76,0.148,0.01556420233463035,0.31634975405623667,0.5106382978723404,0.235
new-york-city,Lower East Side,633,52.66,217.0,0.45,0.2,148.22,4.65,0.144,0.2424124513618677,0.3053373467439982,0.4787234042553192,0.315
new-york-city,Mariners Harbor,26,47.19,72.0,0.31,0.08,247.42,4.65,0.129,0.0062256809338521405,0.26517876807870194,0.3297872340425532,0.175
new-york-city,Maspeth,76,65.14,98.0,0.38,0.18,172.18,4.82,0.178,0.025680933852140077,0.3969605755818222,0.4042553191489362,0.25
new-york-city,Melrose,20,125.5,91.0,0.6,0.35,205.9,4.81,0.344,0.0038910505836575876,0.8400998458262976,0.6382978723404256,0.465
new-york-city,Middle Village,19,82.11,139.0,0.42,0.21,271.11,4.64,0.225,0.003501945525291829,0.5215476103076132,0.4468085106382979,0.299
new-york-city,Midtown,2037,48.27,305.0,0.82,0.41,188.86,4.6,0.132,0.788715953307393,0.2731077013435137,0.8723404255319149,0.599
new-york-city,Midwood,72,64.43,103.5,0.29,0.11,142.24,4.71,0.177,0.024124513618677044,0.39174803612069603,0.30851063829787234,0.228
new-york-city,Mill Basin,13,57.69,158.0,0.62,0.15,343.46,4.84,0.158,0.0011673151750972762,0.34226561926437116,0.6595744680851064,0.269
new-york-city,Morningside Heights,182,17.96,119.0,0.3,0.02,76.86,4.64,0.049,0.0669260700389105,0.05058365758754864,0.3191489361702128,0.111
new-york-city,Morris Heights,20,31.5,80.5,0.5,0.1,186.2,4.68,0.086,0.0038910505836575876,0.14998898759268775,0.5319148936170213,0.168
new-york-city,Morris Park,34,81.53,60.0,0.65,0.09,206.29,4.91,0.223,0.00933852140077821,0.5172894794802144,0.6914893617021277,0.349
new-york-city,Morrisania,12,26.25,100.0,0.33,0.17,212.92,4.85,0.072,0.0007782101167315176,0.11144556199985316,0.3510638297872341,0.115
new-york-city,Mott Haven,60,43.98,130.0,0.48,0.13,169.57,4.55,0.12,0.019455252918287938,0.24161221643051167,0.5106382978723404,0.207
new-york-city,Mount Hope,33,92.18,56.0,0.67,0.18,253.7,4.78,0.253,0.00894941634241245,0.5954775713971074,0.7127659574468086,0.384
new-york-city,Murray Hill,469,36.57,230.0,0.77,0.17,231.46,4.57,0.1,0.17859922178988327,0.18721092430805372,0.8191489361702128,0.31
new-york-city,New Brighton,12,46.25,116.5,0.42,0.25,249.42,4.65,0.127,0.0007782101167315176,0.2582776594963659,0.4468085106382979,0.193
new-york-city,NoHo,38,14.61,485.0,0.37,0.08,140.39,4.81,0.04,0.010894941634241245,0.025989281256882747,0.39361702127659576,0.093
new-york-city,Nolita,203,39.61,283.0,0.55,0.09,150.06,4.79,0.109,0.07509727626459144,0.20952940312752366,0.5851063829787235,0.231
new-york-city,North Riverdale,11,38.18,98.0,0.27,0.0,159.0,4.89,0.105,0.0003891050583657588,0.199030908156523,0.2872340425531915,0.137
new-york-city,Norwood,36,18.33,93.0,0.33,0.0,250.36,4.62,0.05,0.010116731517509728,0.05330005139123411,0.3510638297872341,0.096
new-york-city,Ozone Park,85,81.69,97.0,0.55,0.14,235.47,4.76,0.224,0.029182879377431907,0.5184641362601865,0.5851063829787235,0.336
new-york-city,Park Slope,302,54.22,200.0,0.31,0.1,134.56,4.82,0.149,0.11361867704280156,0.3167902503487262,0.3297872340425532,0.238
new-york-city,Parkchester,24,25.83,95.5,0.21,0.08,190.58,4.82,0.071,0.005447470817120622,0.10836208795242638,0.22340425531914895,0.09
new-york-city,Pelham Gardens,34,66.06,102.5,0.53,0.18,250.0,4.8,0.181,0.00933852140077821,0.40371485206666174,0.5638297872340426,0.278
new-york-city,Port Morris,31,54.87,298.5,0.68,0.52,287.55,4.16,0.15,0.008171206225680934,0.3215622935173629,0.723404255319149,0.277
new-york-city,Port Richmond,12,16.08,92.0,0.58,0.42,298.58,4.75,0.044,0.0007782101167315176,0.03678144042287643,0.6170212765957447,0.138
new-york-city,Prospect Heights,180,36.12,191.0,0.19,0.09,92.77,4.84,0.099,0.06614785992217899,0.18390720211438216,0.2021276595744681,0.14
new-york-city,Prospect-Lefferts Gardens,377,42.71,110.0,0.45,0.09,168.17,4.68,0.117,0.14280155642023346,0.23228837823948315,0.4787234042553192,0.246
new-york-city,Queens Village,84,55.88,113.0,0.43,0.13,220.38,4.65,0.153,0.028793774319066146,0.3289773144409368,0.4574468085106383,0.235
new-york-city,Randall Manor,19,58.16,121.5,0.47,0.16,243.79,4.91,0.159,0.003501945525291829,0.3457161735555392,0.5,0.24
new-york-city,Red Hook,38,46.79,196.0,0.18,0.13,125.32,4.89,0.128,0.010894941634241245,0.26224212612877174,0.19148936170212766,0.148
new-york-city,Rego Park,69,33.04,104.0,0.43,0.07,124.51,4.76,0.091,0.022957198443579768,0.16129505909991923,0.4574468085106383,0.165
new-york-city,Richmond Hill,95,70.71,98.0,0.57,0.24,213.51,4.76,0.194,0.033073929961089495,0.43785331473460093,0.6063829787234042,0.31
new-york-city,Ridgewood,328,36.08,82.0,0.55,0.06,215.18,4.72,0.099,0.12373540856031129,0.18361353791938914,0.5851063829787235,0.24
new-york-city,Rockaway Beach,54,40.22,140.0,0.44,0.11,198.33,4.8,0.11,0.017120622568093387,0.2140077821011673,0.46808510638297873,0.186
new-york-city,Roosevelt Island,39,61.67,185.0,0.38,0.18,156.9,4.87,0.169,0.011284046692607004,0.37148520666617724,0.4042553191489362,0.234
new-york-city,Rosedale,95,64.28,111.0,0.35,0.23,254.03,4.77,0.176,0.033073929961089495,0.3906467953894721,0.3723404255319149,0.244
new-york-city,Schuylerville,10,24.0,87.0,0.5,0.0,228.8,4.76,0.066,0.0,0.09492695103149548,0.5319148936170213,0.144
new-york-city,Sea Gate,20,129.75,111.5,0.85,0.25,148.2,4.9,0.355,0.0038910505836575876,0.8713016665443066,0.9042553191489362,0.531
new-york-city,Sheepshead Bay,119,51.84,129.0,0.33,0.14,172.76,4.8,0.142,0.042412451361867706,0.29931723074664124,0.3510638297872341,0.207
new-york-city,SoHo,270,37.24,375.0,0.53,0.29,136.57,4.7,0.102,0.10116731517509728,0.1921297995741869,0.5638297872340426,0.23
new-york-city,Soundview,18,43.78,91.0,0.44,0.06,261.72,4.8,0.12,0.0031128404669260703,0.24014389545554657,0.46808510638297873,0.191
new-york-city,South Ozone Park,72,97.21,148.0,0.54,0.4,251.0,4.75,0.266,0.024124513618677044,0.6324058439174802,0.574468085106383,0.378
new-york-city,South Slope,167,45.02,176.0,0.2,0.05,113.21,4.87,0.123,0.06108949416342412,0.24924748550033038,0.21276595744680854,0.167
new-york-city,Springfield Gardens,124,83.74,144.0,0.4,0.34,263.01,4.72,0.229,0.0443579766536965,0.5335144262535789,0.4255319148936171,0.316
new-york-city,St. Albans,132,61.13,109.5,0.42,0.2,233.94,4.76,0.167,0.047470817120622566,0.3675207400337714,0.4468085106382979,0.255
new-york-city,St. George,31,72.9,119.0,0.58,0.1,224.9,4.82,0.2,0.008171206225680934,0.45393142941046916,0.6170212765957447,0.308
new-york-city,Stapleton,18,67.39,86.0,0.67,0.22,283.83,4.83,0.185,0.0031128404669260703,0.41347918655017984,0.7127659574468086,0.309
new-york-city,Stuyvesant Town,46,17.28,200.0,0.22,0.0,100.85,4.47,0.047,0.014007782101167316,0.04559136627266721,0.23404255319148937,0.071
new-york-city,Sunnyside,268,42.73,97.5,0.56,0.07,127.68,4.7,0.117,0.10038910505836576,0.23243521033697961,0.5957446808510639,0.252
new-york-city,Sunset Park,270,77.58,103.0,0.46,0.19,152.2,4.82,0.213,0.10116731517509728,0.488290140224653,0.4893617021276596,0.334
new-york-city,Theater District,321,51.5,373.0,0.8,0.37,220.87,4.4,0.141,0.12101167315175097,0.29682108508920046,0.8510638297872342,0.337
new-york-city,Throgs Neck,29,11.07,159.5,0.38,0.07,268.83,4.7,0.03,0.007392996108949416,0.0,0.4042553191489362,0.084
new-york-city,Tompkinsville,43,57.19,88.0,0.79,0.14,253.49,4.83,0.157,0.012840466926070038,0.33859481682695836,0.8404255319148937,0.309
new-york-city,Tremont,16,15.0,111.0,0.38,0.06,207.88,4.77,0.041,0.0023346303501945525,0.028852507158064748,0.4042553191489362,0.093
new-york-city,Tribeca,159,25.31,366.0,0.63,0.16,168.26,4.76,0.069,0.05797665369649806,0.10454445341751706,0.6702127659574468,0.199
new-york-city,Two Bridges,37,38.78,135.0,0.38,0.05,73.59,4.65,0.106,0.010505836575875487,0.2034358710814184,0.4042553191489362,0.166
new-york-city,Unionport,13,47.0,133.0,0.46,0.15,341.85,4.65,0.129,0.0011673151750972762,0.26378386315248514,0.4893617021276596,0.204
new-york-city,Upper East Side,1424,43.66,200.0,0.61,0.06,196.92,4.68,0.12,0.5501945525291829,0.23926290287056748,0.648936170212766,0.446
new-york-city,Upper West Side,1483,33.56,207.0,0.53,0.08,161.39,4.7,0.092,0.5731517509727626,0.16511269363482858,0.5638297872340426,0.408
new-york-city,Van Nest,12,118.42,141.0,0.67,0.33,314.08,4.68,0.324,0.0007782101167315176,0.7881212833125321,0.7127659574468086,0.458
new-york-city,Vinegar Hill,30,33.27,245.0,0.43,0.03,124.67,4.79,0.091,0.007782101167315175,0.16298362822112916,0.4574468085106383,0.16
new-york-city,Wakefield,68,42.24,90.0,0.6,0.09,217.15,4.78,0.116,0.022568093385214007,0.2288378239483151,0.6382978723404256,0.228
new-york-city,Washington Heights,533,37.04,79.5,0.41,0.06,127.29,4.64,0.101,0.20350194552529183,0.19066147859922178,0.43617021276595747,0.245
new-york-city,West Brighton,25,42.16,75.0,0.52,0.04,251.76,4.71,0.116,0.005836575875486381,0.22825049555832902,0.5531914893617021,0.204
new-york-city,West Village,474,29.73,315.0,0.35,0.06,136.61,4.78,0.081,0.18054474708171206,0.13699434696424637,0.3723404255319149,0.201
new-york-city,Whitestone,17,89.12,98.0,0.59,0.29,202.47,4.7,0.244,0.002723735408560311,0.573012260480141,0.6276595744680851,0.356
new-york-city,Williamsbridge,51,31.2,84.5,0.53,0.12,187.67,4.79,0.085,0.015953307392996108,0.14778650613024005,0.5638297872340426,0.178
new-york-city,Williamsburg,2060,31.33,166.0,0.32,0.06,103.72,4.79,0.086,0.7976653696498055,0.1487409147639674,0.34042553191489366,0.447
new-york-city,Windsor Terrace,85,56.18,166.0,0.24,0.11,150.66,4.86,0.154,0.029182879377431907,0.3311797959033845,0.2553191489361702,0.195
new-york-city,Woodhaven,83,76.12,86.5,0.55,0.16,191.13,4.82,0.209,0.02840466926070039,0.47757139710740776,0.5851063829787235,0.319
new-york-city,Woodside,329,44.51,70.0,0.78,0.06,90.6,4.67,0.122,0.12412451361867705,0.24550326701416927,0.8297872340425533,0.314
seattle,Adams,133,115.76,207.5,0.65,0.83,171.48,4.88,0.317,0.3279569892473118,0.7334015103838892,0.6103896103896104,0.547
seattle,Alki,121,120.93,199.5,0.49,0.83,194.42,4.89,0.331,0.2956989247311828,0.7740717432347388,0.40259740259740256,0.508
seattle,Arbor Heights,25,102.76,152.0,0.44,0.96,207.72,4.92,0.282,0.03763440860215054,0.6311359345500315,0.33766233766233766,0.335
seattle,Atlantic,147,99.54,218.0,0.66,0.72,221.33,4.84,0.273,0.3655913978494624,0.6058055380742605,0.6233766233766234,0.513
seattle,Belltown,383,135.02,225.0,0.72,0.84,225.98,4.79,0.37,1.0,0.8849118942731278,0.7012987012987013,0.894
seattle,Bitter Lake,37,83.49,124.0,0.51,0.73,177.49,4.86,0.229,0.06989247311827956,0.4795468848332284,0.4285714285714286,0.305
seattle,Briarcliff,19,75.58,191.5,0.32,0.74,180.95,4.94,0.207,0.021505376344086023,0.4173222152297042,0.18181818181818182,0.212
seattle,Brighton,72,84.67,138.0,0.69,0.86,190.65,4.81,0.232,0.1639784946236559,0.48882945248584014,0.6623376623376623,0.394
seattle,Broadview,32,70.0,116.0,0.28,0.81,188.19,4.9,0.192,0.056451612903225805,0.3734266834487099,0.1298701298701299,0.198
seattle,Broadway,376,117.58,197.0,0.77,0.75,227.87,4.75,0.322,0.9811827956989247,0.7477186910006293,0.7662337662337663,0.845
seattle,Bryant,52,72.69,147.0,0.63,0.79,182.08,4.76,0.199,0.11021505376344086,0.39458779106356195,0.5844155844155844,0.319
seattle,Cedar Park,21,78.0,104.5,0.33,0.71,195.95,4.88,0.214,0.026881720430107527,0.43635934550031463,0.19480519480519484,0.224
seattle,Central Business District,146,78.77,309.0,0.82,0.87,231.11,4.76,0.216,0.3629032258064516,0.44241661422278156,0.831168831168831,0.488
seattle,Columbia City,116,101.82,135.0,0.47,0.88,197.72,4.79,0.279,0.28225806451612906,0.6237413467589679,0.3766233766233766,0.438
seattle,Crown Hill,36,120.89,117.0,0.61,0.81,192.47,4.87,0.331,0.06720430107526881,0.7737570799244807,0.5584415584415584,0.448
seattle,Dunlap,32,112.69,113.0,0.44,0.75,228.0,4.81,0.309,0.056451612903225805,0.7092511013215859,0.33766233766233766,0.374
seattle,East Queen Anne,144,142.15,231.0,0.64,0.85,225.25,4.85,0.389,0.3575268817204301,0.9410006293266205,0.5974025974025974,0.639
seattle,Eastlake,141,66.64,138.0,0.77,0.84,242.38,4.6,0.183,0.34946236559139787,0.34699496538703584,0.7662337662337663,0.432
seattle,Fairmount Park,71,109.96,145.5,0.54,0.97,208.06,4.81,0.301,0.16129032258064516,0.6877753303964756,0.4675324675324676,0.433
seattle,Fauntleroy,34,109.76,145.0,0.44,0.91,143.29,4.91,0.301,0.06182795698924731,0.6862020138451856,0.33766233766233766,0.367
seattle,First Hill,126,120.9,206.0,0.75,0.71,220.02,4.76,0.331,0.30913978494623656,0.7738357457520453,0.7402597402597403,0.581
seattle,Fremont,249,124.39,179.0,0.6,0.9,190.3,4.84,0.341,0.6397849462365591,0.8012901195720579,0.5454545454545454,0.686
seattle,Gatewood,49,105.96,141.0,0.49,0.8,183.55,4.91,0.29,0.10215053763440861,0.6563089993706733,0.40259740259740256,0.384
seattle,Genesee,49,94.1,197.0,0.47,0.94,187.71,4.94,0.258,0.10215053763440861,0.5630113278791692,0.3766233766233766,0.341
seattle,Georgetown,28,124.5,132.0,0.57,1.0,234.86,4.84,0.341,0.0456989247311828,0.8021554436752675,0.5064935064935064,0.44
seattle,Green Lake,143,97.69,146.0,0.63,0.84,213.79,4.75,0.268,0.3548387096774194,0.5912523599748268,0.5844155844155844,0.495
seattle,Greenwood,129,108.96,139.5,0.47,0.89,166.39,4.84,0.299,0.3172043010752688,0.6799087476400251,0.3766233766233766,0.474
seattle,Haller Lake,83,108.0,84.0,0.7,0.89,164.84,4.74,0.296,0.1935483870967742,0.6723568281938326,0.6753246753246753,0.481
seattle,Harrison/Denny-Blaine,28,82.04,221.0,0.54,0.89,127.93,4.87,0.225,0.0456989247311828,0.4681403398363751,0.4675324675324676,0.299
seattle,High Point,31,79.68,151.0,0.29,0.87,166.48,4.92,0.218,0.053763440860215055,0.4495752045311517,0.14285714285714285,0.23
seattle,Highland Park,35,105.2,134.0,0.46,0.94,207.31,4.87,0.288,0.06451612903225806,0.650330396475771,0.36363636363636365,0.359
seattle,Interbay,15,77.2,200.0,0.53,0.87,167.47,4.81,0.212,0.010752688172043012,0.43006607929515417,0.4545454545454546,0.267
seattle,International District,27,82.11,129.0,0.89,0.81,260.56,4.54,0.225,0.043010752688172046,0.4686910006293266,0.922077922077922,0.389
seattle,Laurelhurst,26,80.92,208.0,0.42,0.92,158.73,4.86,0.222,0.04032258064516129,0.4593297671491504,0.3116883116883117,0.262
seattle,Lawton Park,63,132.83,162.0,0.38,0.84,162.46,4.87,0.364,0.13978494623655913,0.867684078036501,0.25974025974025977,0.455
seattle,Leschi,52,116.96,180.0,0.4,0.81,179.67,4.88,0.32,0.11021505376344086,0.7428414096916298,0.28571428571428575,0.398
seattle,Lower Queen Anne,126,128.98,255.0,0.67,0.79,194.58,4.85,0.353,0.30913978494623656,0.837397734424166,0.6363636363636365,0.586
seattle,Loyal Heights,79,118.04,153.5,0.32,0.92,162.06,4.89,0.323,0.1827956989247312,0.7513373190685966,0.18181818181818182,0.41
seattle,Madison Park,15,96.87,239.0,0.27,0.8,203.07,4.92,0.265,0.010752688172043012,0.5848017621145375,0.11688311688311691,0.262
seattle,Madrona,44,122.8,182.5,0.41,0.86,173.61,4.9,0.336,0.08870967741935484,0.7887822529893014,0.2987012987012987,0.411
seattle,Mann,102,127.1,167.0,0.57,0.75,177.05,4.79,0.348,0.2446236559139785,0.822608558842039,0.5064935064935064,0.528
seattle,Maple Leaf,63,94.37,128.0,0.4,0.89,173.0,4.78,0.259,0.13978494623655913,0.5651353052234109,0.28571428571428575,0.339
seattle,Matthews Beach,35,107.17,158.0,0.49,0.86,147.11,4.91,0.294,0.06451612903225806,0.6658275645059786,0.40259740259740256,0.373
seattle,Meadowbrook,11,85.55,122.0,0.18,0.91,202.82,4.89,0.234,0.0,0.4957520453115166,0.0,0.198
seattle,Mid-Beacon Hill,74,106.86,147.5,0.62,0.89,217.19,4.72,0.293,0.1693548387096774,0.6633889238514789,0.5714285714285714,0.447
seattle,Minor,246,120.33,208.0,0.7,0.82,198.61,4.84,0.33,0.6317204301075269,0.7693517935808685,0.6753246753246753,0.695
seattle,Montlake,43,146.49,154.5,0.53,0.98,170.12,4.89,0.401,0.08602150537634409,0.9751415984896161,0.4545454545454546,0.515
seattle,Mount Baker,81,113.38,146.0,0.48,0.96,147.07,4.87,0.311,0.1881720430107527,0.7146790434235367,0.3896103896103896,0.439
seattle,North Admiral,119,119.97,188.0,0.46,0.92,184.87,4.88,0.329,0.2903225806451613,0.7665198237885462,0.36363636363636365,0.495
seattle,North Beach/Blue Ridge,32,101.44,160.5,0.47,0.91,204.38,4.88,0.278,0.056451612903225805,0.6207520453115166,0.3766233766233766,0.346
seattle,North Beacon Hill,162,127.49,166.0,0.54,0.85,182.19,4.87,0.349,0.40591397849462363,0.8256765261170547,0.4675324675324676,0.586
seattle,North College Park,43,94.33,103.0,0.58,0.7,175.77,4.81,0.258,0.08602150537634409,0.5648206419131528,0.5194805194805194,0.364
seattle,North Delridge,44,138.32,155.0,0.64,0.86,194.27,4.87,0.379,0.08870967741935484,0.9108716173694146,0.5974025974025974,0.519
seattle,North Queen Anne,129,116.12,210.0,0.61,0.91,182.09,4.81,0.318,0.3172043010752688,0.7362334801762115,0.5584415584415584,0.533
seattle,Olympic Hills,25,72.0,118.0,0.6,0.68,221.48,4.88,0.197,0.03763440860215054,0.38915984896161104,0.5454545454545454,0.28
seattle,Phinney Ridge,96,97.41,163.0,0.42,0.94,167.54,4.88,0.267,0.22849462365591397,0.5890497168030208,0.3116883116883117,0.389
seattle,Pike-Market,94,124.57,287.0,0.69,0.83,217.77,4.82,0.341,0.22311827956989247,0.8027061044682189,0.6623376623376623,0.543
seattle,Pinehurst,41,89.49,148.0,0.78,0.88,187.66,4.65,0.245,0.08064516129032258,0.526746381371932,0.7792207792207794,0.399
seattle,Pioneer Square,34,149.65,175.5,0.79,0.62,232.88,4.79,0.41,0.06182795698924731,1.0,0.7922077922077924,0.583
seattle,Portage Bay,16,109.69,175.0,0.5,0.62,187.19,4.81,0.301,0.013440860215053764,0.685651353052234,0.41558441558441556,0.363
seattle,Rainier Beach,54,95.39,139.0,0.44,0.91,220.74,4.78,0.261,0.11559139784946236,0.5731592196349905,0.33766233766233766,0.343
seattle,Rainier View,15,94.6,194.0,0.53,0.67,217.6,4.91,0.259,0.010752688172043012,0.5669446192573945,0.4545454545454546,0.322
seattle,Ravenna,89,89.65,147.5,0.54,0.79,176.89,4.71,0.246,0.20967741935483872,0.5280050346129641,0.4675324675324676,0.389
seattle,Riverview,42,121.71,90.0,0.62,0.98,180.67,4.86,0.333,0.08333333333333333,0.7802076777847702,0.5714285714285714,0.46
seattle,Roosevelt,47,149.21,179.5,0.57,0.94,183.49,4.91,0.409,0.0967741935483871,0.9965387035871618,0.5064935064935064,0.539
seattle,Roxhill,15,91.73,126.0,0.33,0.93,187.2,4.95,0.251,0.010752688172043012,0.5443675267463813,0.19480519480519484,0.261
seattle,Seaview,36,103.64,154.5,0.44,0.92,198.36,4.91,0.284,0.06720430107526881,0.638058527375708,0.33766233766233766,0.35
seattle,Seward Park,55,109.95,147.0,0.31,0.84,188.09,4.83,0.301,0.11827956989247312,0.6876966645689112,0.16883116883116883,0.356
seattle,South Beacon Hill,33,114.45,145.0,0.58,0.85,144.03,4.83,0.314,0.05913978494623656,0.7230962869729389,0.5194805194805194,0.417
seattle,South Delridge,50,116.76,121.0,0.5,0.8,182.6,4.79,0.32,0.10483870967741936,0.7412680931403398,0.41558441558441556,0.422
seattle,South Lake Union,134,22.53,329.5,0.93,0.26,266.27,4.64,0.062,0.33064516129032256,0.0,0.974025974025974,0.327
seattle,South Park,21,124.71,146.5,0.24,0.81,198.24,4.91,0.342,0.026881720430107527,0.803807426054122,0.07792207792207792,0.348
seattle,Southeast Magnolia,29,124.45,204.0,0.52,0.86,167.28,4.91,0.341,0.04838709677419355,0.801762114537445,0.4415584415584416,0.428
seattle,Stevens,124,123.49,169.0,0.52,0.87,207.82,4.86,0.338,0.30376344086021506,0.7942101950912522,0.4415584415584416,0.528
seattle,Sunset Hill,31,98.74,145.0,0.35,0.97,212.26,4.9,0.271,0.053763440860215055,0.5995122718690999,0.22077922077922074,0.305
seattle,University District,277,78.59,113.0,0.87,0.71,211.26,4.56,0.215,0.7150537634408602,0.44100062932662054,0.8961038961038961,0.642
seattle,Victory Heights,29,111.9,157.0,0.38,0.9,243.38,4.88,0.307,0.04838709677419355,0.70303650094399,0.25974025974025977,0.353
seattle,View Ridge,14,110.79,228.5,0.43,0.86,164.21,4.92,0.304,0.008064516129032258,0.6943045940843298,0.3246753246753247,0.346
seattle,Wallingford,264,100.11,167.0,0.62,0.85,170.24,4.83,0.274,0.6801075268817204,0.6102894902454373,0.5714285714285714,0.63
seattle,Wedgwood,29,105.21,140.0,0.28,0.86,178.52,4.93,0.288,0.04838709677419355,0.6504090623033354,0.1298701298701299,0.305
seattle,West Queen Anne,155,104.77,198.5,0.7,0.92,167.53,4.72,0.287,0.3870967741935484,0.6469477658904971,0.6753246753246753,0.549
seattle,West Woodland,103,101.71,194.0,0.55,0.72,196.87,4.84,0.279,0.24731182795698925,0.6228760226557583,0.48051948051948057,0.444
seattle,Westlake,19,127.32,166.5,0.53,0.84,200.84,4.84,0.349,0.021505376344086023,0.8243392070484581,0.4545454545454546,0.429
seattle,Whittier Heights,77,134.19,163.0,0.51,0.97,219.48,4.88,0.368,0.1774193548387097,0.8783826305852737,0.4285714285714286,0.508
seattle,Windermere,15,115.2,168.5,0.4,0.87,160.93,4.92,0.316,0.010752688172043012,0.7289962240402769,0.28571428571428575,0.353
seattle,Yesler Terrace,77,91.03,153.0,0.95,0.62,248.32,4.73,0.249,0.1774193548387097,0.5388609188168659,1.0,0.487
